trajectory_id,mean_sojourn_time,variance
1,1.5269316721324018,0.9600450767555436
2,1.6809581117980696,1.192316094955845
3,1.572195751105278,1.1685849220123485
4,1.70276170158265,1.1848057580470888
5,2.010911101642633,2.5710039754717102
6,1.596026254520616,1.2278658942114367
7,1.6865840776314973,1.3311771607041705
8,1.8575225115633756,2.1064497522077574
9,1.7699159649358787,1.6681254888979855
10,1.6354413676069162,1.203716401368125
11,1.6989047530781998,1.3392281450988022
12,1.767181128540818,1.3109834669013847
13,1.7962833176691253,1.4016762836983274
14,1.6638627300642987,1.458245256607808
15,1.4808451867933374,0.889059852452389
16,1.6126398250876275,1.052978360793956
17,1.6373739332225636,1.3479707413823891
18,1.6044143149573384,1.1307627988927433
19,1.552813030774427,0.9094216241471011
20,1.6128492223949804,1.0903591193377966
21,1.9681198879333897,2.165089647765996
22,1.684187318430995,1.2855535509057818
23,1.6235411693222093,1.183099409473906
24,1.6975014975362583,1.0823896506241182
25,1.6901777896227328,1.0689174306940337
26,1.6275223989118963,0.9875716231353131
27,1.7146301272106999,1.2650640036350114
28,1.6546524253143666,1.4459051791077553
29,1.7686824204759701,1.4200278863643934
30,1.7956590738734841,1.694360901964694
31,1.811379471260817,1.715425802392323
32,1.906129195126011,1.7803592594607371
33,1.5555224230886864,1.1522185390711641
34,1.5663250209584763,0.9328164742452206
35,1.7148094517212749,1.4377533600802912
36,1.6417397194145555,1.175810300221231
37,1.9798284130033847,2.0783724468073803
38,1.7281802854299766,1.4462847864000186
39,1.67035537830106,1.0122486313920105
40,1.6932274042493258,1.0953798429907766
41,1.5736345603755144,1.1306462907917174
42,1.8472219241143844,1.6669591073777614
43,1.8887288527554462,1.6704965929111109
44,1.7062420644955116,1.1955251735802772
45,1.6971839585084063,1.239437016960973
46,1.5755982810386786,1.0587201116299452
47,1.6944037089204707,1.3089609657230665
48,1.5209253131577578,0.8527808159262102
49,2.0313979616155904,1.6785384523414744
50,1.5973235817537472,1.0572574939771915
51,1.7770651988417163,1.5214559338919436
52,1.610177977198285,1.018100360848789
53,1.5577186653145303,1.3457250753566379
54,1.8353082486219903,1.5346364930003933
55,2.1596108553298237,3.1956236268299776
56,1.681745587807911,1.2536022887875413
57,2.209184064924234,3.915414719782568
58,1.525972592142203,1.0887898764415476
59,1.581376767359288,1.2714462779118274
60,1.5965239111847753,1.1287986023239955
61,1.7824511723969854,2.0196757503069955
62,1.596718817348538,1.0082491670320086
63,1.865930056317677,1.3458208813790022
64,1.541058935320789,1.0137895027585835
65,1.6894190826965776,1.1687132897257277
66,1.7138203854981984,1.2738543013851575
67,1.731905035056318,1.191972761265522
68,1.6372063590934922,1.3746050167999748
69,1.7153937048443868,1.161126981360726
70,1.5412698930220041,1.0377772606529476
71,1.707808417203124,1.55386158868766
72,1.8145788966975724,1.6717622808717365
73,1.6424977142577724,1.3382968423739858
74,1.8503858642373048,1.4489643317874463
75,1.6384631868330237,1.2092996356641355
76,1.474092494158505,0.9199662306254233
77,1.8486243932716113,1.6082368752993073
78,1.740474638907121,1.29901711965254
79,1.711035963286339,1.2961209468224038
80,1.7075149259072286,1.3747188471683018
81,1.7035418109320233,1.3327557243954358
82,1.5883261418962773,1.079579566897986
83,1.716127705846818,1.1576778283462803
84,1.8158696046415366,1.1426209433286847
85,1.5283374110468686,0.9311879046763273
86,1.7668557325887893,1.370463906365884
87,1.595513620935638,1.0919852826592165
88,1.845394147143787,1.8014408510905846
89,1.7844672278287579,1.4674019639631808
90,1.9110967420870206,1.9238549590752838
91,1.773254574260875,1.1965911416516766
92,1.6366350568578272,1.103649742944011
93,1.5902785761683305,0.8711382688534998
94,1.4834922135479964,0.8092035493919123
95,1.6164367164334539,1.0562613637331217
96,1.7664234031750838,1.3870362477898366
97,1.753690600720851,1.5064593027121989
98,1.6886475803815937,1.4007129981829518
99,1.9029877395320236,1.9655060929882304
100,1.6018632088756757,1.4807256192456681
101,1.5076587313282896,0.9670747769925938
102,1.8419822541563868,1.764105891474173
103,1.911363306458168,2.4279683488874797
104,1.5609199136357326,0.963773916234101
105,1.9422064862873225,1.8694459549132791
106,1.7378677147958637,1.337424546966633
107,1.493229467296261,0.9264129123404451
108,1.6587429584203297,1.2202342841191396
109,1.989096101053074,1.9489002248262821
110,1.9527604326516526,2.243380139995266
111,2.0001557467903606,2.1558827169444266
112,1.7605329004312364,1.3548834058139863
113,1.7604440736067068,1.2655909341887677
114,2.1456175730454325,2.4736091138912197
115,1.8255612543752366,2.0467325923951534
116,1.6635976214898547,0.9264757984996829
117,1.8119825740645459,1.3045481643970287
118,1.6350687832885709,1.099402500444569
119,2.042054092829305,2.1466521778586456
120,1.7338010662550152,1.2285974529093142
121,1.502901196933905,1.0499558842448733
122,1.9034068436412312,1.432790944959567
123,1.8645974650554504,1.5256732603808323
124,1.5946605419121844,0.9425724997119145
125,1.50289651393843,0.900311711078992
126,1.7411365258186053,1.3649993234374893
127,1.8099899187611348,1.4807195836598668
128,1.8177134718497665,1.4458064312362713
129,1.7176757614809048,1.032881392872132
130,1.6442385038972402,1.2688769124149475
131,1.6688752588937728,1.4289935879200328
132,2.133330219169315,3.1108124301881723
133,1.6945814400145205,1.2472619061426808
134,1.7424706093349944,1.346386073953309
135,1.7808772122703889,1.0907350179477369
136,1.7868790144210702,1.2602682248033594
137,1.6175901962761596,1.0519198721620096
138,1.6515541423709115,1.3868674012895488
139,1.6036577358248958,1.0752346438801654
140,1.6227811218748942,1.4597296166752458
141,1.7378730464032393,1.6087378094092055
142,1.6880846619241512,1.1524831259440724
143,1.6254609570045109,0.962729093032722
144,1.7901276315823849,1.4870430995702297
145,1.802943864332575,1.9762712282835702
146,1.7004118592689415,1.4533455183715192
147,1.8307860467464852,1.7060287836125458
148,1.6261394835794558,0.9765897197141278
149,1.6569902728329649,1.277505218102752
150,1.6008835471488678,1.1181134870752256
151,1.6851581655343724,1.1862070443694608
152,1.6145081176838831,1.0847653407556417
153,1.6405971154200598,1.3634690662612607
154,1.550970164493856,0.9676733808392343
155,1.7197766131642942,1.2953331246473316
156,1.5702929016609304,1.228314875257888
157,1.6718054263722144,1.24843954203414
158,1.8021353778743476,1.4524595691768543
159,1.8451706813204232,1.5105531568834039
160,1.9083172096402836,1.9706972565424192
161,1.7371161407164832,1.5315446482837614
162,1.9464898815574607,1.9617618525108167
163,1.693651198057745,1.1324572247524654
164,1.8583963308216378,1.4781283689873732
165,1.5480570185947842,1.0915465585987374
166,1.8920150426487317,1.6966004511888173
167,1.5758930771989124,1.0771954555472216
168,1.9727691754881331,2.2129111914983857
169,1.5878259969029045,0.9838219635874205
170,1.7152340668713368,1.2705890355230596
171,1.3918788401821234,0.676912863211944
172,1.695321732506786,1.1901573220686221
173,1.9189321484860722,2.3203264138929005
174,1.6629203403590926,1.265764197673811
175,1.6750370585760122,1.061825317640158
176,1.6910765838761839,1.535718590366946
177,2.009948824113496,2.2562554605158924
178,1.6978383332797353,1.374900918388009
179,1.7885140013953014,2.0894037960945426
180,1.5080069564184992,1.0193777363073075
181,1.6190901155670865,1.0556705167663538
182,1.55280694784962,1.0278838725943433
183,1.770677207287513,1.4785948472751034
184,1.9776694330894,3.099701779161873
185,1.6087177924080853,1.1730120023128248
186,1.5835362580008336,1.0798984603580024
187,1.6483456170170165,1.3123409008965732
188,1.8759936115895213,2.09106870117719
189,1.6763399954361922,1.2438634109771203
190,1.829119074044315,1.4069223484850621
191,1.5996727692113935,1.1611352572491762
192,1.7912372487287873,1.3176481913991713
193,1.7273144615525848,1.562777457962652
194,1.5740190756760584,1.099208867394876
195,1.8314221767727137,1.5887028579065277
196,1.8229008267126317,1.499726304554314
197,1.7219453993785028,1.0703941759861761
198,1.792646679281227,1.3219679918913045
199,1.8724530179276155,2.0832563737781298
200,1.7719950608541402,1.5866798185293811
201,1.8405587425297052,1.6411569823566774
202,1.5774447858027776,1.1094756553731042
203,1.6551811659761722,1.0211871868792621
204,1.8627902947685542,1.9504265215045662
205,2.176422468593203,2.632073808707349
206,1.847049766640869,1.7703817522255032
207,1.804927771901692,1.5459204515794314
208,1.4033715868666552,0.8476861090874434
209,1.7046437764126021,1.1616059761444009
210,1.8197488117375435,1.7106680364210873
211,1.549455009944338,0.872768444328555
212,1.5150425859560672,1.004460749446581
213,1.6249764508996172,1.000081300508913
214,1.5997808715932027,1.0221281252695946
215,1.5995451164484669,1.0927497804599993
216,1.4722711817265735,0.8241272712652868
217,1.6590427214872934,1.0890628647294813
218,1.5024765940783409,0.8745499782168662
219,1.689238431503187,1.2112700365362508
220,1.7232435577546505,1.1453664142483375
221,1.7066064664344056,1.2205728347526017
222,1.8444182355153074,1.5188611090147783
223,1.6817316772026611,1.3965151223200147
224,1.7914200188868714,1.0871257153012532
225,1.6257148465676243,1.051242146093979
226,1.5680975840913187,1.1180623782403036
227,1.6606945296325017,1.0975905300136946
228,1.7123353742549032,1.2574100124192147
229,1.7094383466672736,1.7129108156310093
230,1.7757494314377837,1.2324702191543335
231,1.6922439236353786,1.3931566178250994
232,1.495499226237901,0.9056498170814188
233,1.8725499294163672,1.6663908758074069
234,1.8208859457383384,1.3961549410582013
235,1.9267402480065348,2.688896013214936
236,1.5928349845139829,1.0894890386192362
237,1.914278789788387,1.597676316446549
238,1.6624757151037168,1.25918255005203
239,1.7092353104606581,1.4511957593790148
240,1.7003442151621329,1.327307017116504
241,1.681074185762289,1.6120291958709398
242,1.793514084155129,1.7234504069856624
243,1.5768936662853947,1.1100232718259704
244,1.679032677443806,1.2673306534487145
245,1.5984567761256177,0.9833490429215497
246,1.7133187920334474,1.271491342554141
247,1.8039343648405817,1.315123099903759
248,1.7227643412578524,1.300062668206616
249,1.6158776933517374,1.136126829549492
250,1.7560880302822472,1.5639359308047103
251,1.8371643542438985,2.2575143545464385
252,1.8784860774287124,1.5029266230933511
253,1.8762063802687456,1.7992196657439776
254,1.7173532336575519,1.2127437162998922
255,1.5792289635607366,1.0489883224843035
256,1.7538619723749953,1.3340671376027766
257,1.7352915044809751,1.4433704468196058
258,1.5589365592650133,1.1234079194569935
259,1.5558126380721922,0.8975715546897255
260,1.6540062057566756,1.0740170348044005
261,1.8601344504102133,1.5713332674679543
262,1.8266100083720336,1.5948045448210257
263,1.7319655535803038,1.18051551906171
264,1.747547176787649,1.6762041382213426
265,1.8574338000993798,1.5784335323975371
266,1.7352728875030865,1.7736191096399294
267,1.5684250103630941,0.9397676755951704
268,1.8249147082041424,1.6241169165713023
269,1.7872598879512525,1.2162690643669143
270,1.734354479586184,1.238260080611647
271,1.9049428275565237,1.5919527522734365
272,1.5661250733361487,0.9564690747863274
273,1.5383220603343921,0.9324357746511353
274,1.6847977653108344,1.3714222982530462
275,1.6275761711606,1.1422450552284695
276,1.7328191613378299,1.1831577129846893
277,1.799390935455013,1.4596779502010517
278,1.6302300175578326,1.0236177669454545
279,1.945361852666298,2.2333132230987895
280,1.7892901337609435,1.6166223125537285
281,1.6709583764547833,1.1917261420518355
282,1.5547658567934242,0.9420474861179485
283,1.5945366834859453,1.2359230770782559
284,1.6627046141147601,1.3255811466247258
285,1.719443616413839,1.4630591208984838
286,1.840445433731418,1.4378264278034534
287,1.4707957074344702,0.950840307137393
288,1.771009587497531,1.2383856990498832
289,1.764940318568569,1.4402393642822233
290,1.541591639858968,0.9880765438056086
291,1.8654423085429435,1.5904488562375851
292,1.7798421113216938,1.266334099293403
293,1.7115576438447333,1.1880657332398188
294,1.6845432114892707,1.3728671081161063
295,1.6433211215348147,1.1575985733372605
296,1.5683633828536958,0.9262856999583335
297,1.9962988263238062,2.0328298689982494
298,1.6072761000112512,1.1245726763824724
299,1.8069085994227734,1.3796524385254285
300,1.9306058213461634,2.024075365365885
301,1.6671926936386383,1.124381691924126
302,1.7537574921277383,1.7081003238139767
303,1.842681311479607,1.5155415898218672
304,1.7047049387434876,1.4446475744684462
305,1.7310877826416955,1.1818769951728534
306,1.8991310716812484,2.1602889138732926
307,1.900358654079987,1.8436979058310048
308,1.851451249815231,1.7625859925093479
309,2.0120653837989884,1.849111724231205
310,1.6578412379992886,0.9951231954113889
311,1.713823009812473,1.2202389533424196
312,1.7205363034630818,1.1314401221310775
313,1.8377672668051097,2.0105280100707534
314,1.6321137363201494,1.043142092567954
315,1.6310500479268981,1.0783650176462694
316,1.7273230556798103,1.3950981056716243
317,1.6997895313449711,1.1823431845350443
318,1.615656192758804,1.2081990286843516
319,1.757750231751005,1.3594750254888823
320,1.5811238699896137,1.0660373753459502
321,1.7155407950558026,1.5324285550953125
322,1.7815219964298685,1.31367572165983
323,1.6628646218871754,1.0605435981905442
324,1.7555348288327124,1.3142648377432653
325,1.8046875296318319,1.8733063327058948
326,1.5836850102601643,0.9313749263487786
327,1.4974725229553247,0.9014900160708715
328,2.009474046603214,2.2485644510145724
329,1.668409831535157,1.2079069196583807
330,1.7619385510116412,1.2330073562941972
331,1.6342511745362056,1.2219368498422438
332,1.6554976044724123,1.2195002067609955
333,2.0922738299424344,2.2238109173640326
334,1.6544571025878183,1.3587635235296172
335,1.6447212496996553,0.939335930892207
336,1.5846127548104612,1.1924630636296043
337,1.6342617685690621,1.2438591078387005
338,1.6511176451218375,1.021680509521176
339,1.651709442722793,1.4073644729754489
340,1.7622720535744691,1.5967980262566628
341,1.8272903520585315,2.5743551487450578
342,1.510846574950174,0.9229634579135884
343,1.8232550480425773,2.4977201293267592
344,1.979300838988178,2.2002216200990246
345,1.8053455026704819,1.531219255595354
346,1.8813365461524585,1.4880548474949542
347,1.7792743525901535,1.1584911957339479
348,1.6680803113049871,1.3615829774124109
349,1.690057374380209,1.3517109656721262
350,2.22374910676113,3.1070648992375904
351,1.6208452113041056,1.228008479462516
352,1.480185678946556,0.800045071385936
353,1.9284900346330318,1.8320986515926005
354,1.7696857880657717,1.6777421631118654
355,2.145432402028583,2.680926963101626
356,1.6954411559311522,1.1954587004061428
357,1.722898516851581,1.3177473611984813
358,1.782990015185695,1.31554544770922
359,1.973418389414833,2.1341885099530256
360,1.6214902824057364,1.0780211006181486
361,1.8642488661794214,1.8771873575726776
362,1.9074897690792183,2.1029445487340888
363,1.6345123062438025,1.1608910620622392
364,1.7189902203021694,1.227215537997348
365,1.6780045168856306,1.3586486981156924
366,1.6863530155728645,1.062556866320827
367,1.5187996685024554,1.0382014746505315
368,1.5157048058220803,0.9818129461530343
369,1.6592969970573934,1.2565952042136679
370,1.650588576961791,1.21628395192945
371,1.6361213280602747,1.320872465366385
372,1.6048899535065209,1.1381819198702303
373,1.523297094211099,0.9597015803203722
374,1.821343843714737,1.7670295523385524
375,1.9308741798672537,1.5644997260181837
376,1.7634715375294674,1.3855104690099223
377,1.5001958573622025,0.903082496134949
378,1.978739835800319,2.0905675438825213
379,1.9246788520893319,2.8375180994856573
380,1.5341264350546375,1.2873217349406718
381,1.6839438347864004,1.3906366409064796
382,1.821215322667907,1.4188894231984859
383,1.4490699134921339,0.8602951622227888
384,1.588408923576297,1.111048683521129
385,1.5203968568028505,0.8829978243309665
386,2.03877383076222,2.222181118969432
387,1.5221723620680385,0.9524837703622863
388,1.6519786391841547,1.035258499813184
389,1.9185894313931462,2.657018563302207
390,1.6946456867944495,1.348679130435029
391,1.7795786627254657,1.2751877343372158
392,1.861489469854187,1.6865823236555628
393,1.537518101267771,0.9511549852456654
394,1.8772146091608746,1.5210208047351539
395,1.672019246138734,1.2300363681338669
396,1.4393567277828412,0.8406882849501419
397,1.7752066560613027,1.3415802441891524
398,1.66000558905637,1.0689575151772521
399,1.7988418818884775,1.7133417281922876
400,1.5336303228130423,0.8882635128693429
401,1.9972473033051883,1.7882958782851968
402,1.465113015980658,0.9624816610640372
403,1.8271236084922813,1.4682946857219727
404,1.5912989657303176,1.112297042444912
405,1.7038049611499178,1.1444530581431214
406,1.5077928431253642,0.8168829111142649
407,1.5679007841020116,0.9388387893736536
408,1.726479089572979,1.1271633777424452
409,1.918265938644989,1.8633494265947321
410,1.7057261129274333,1.0975900726135541
411,1.8515510938638235,1.8354355651799223
412,1.6062350938827001,1.1287553111195776
413,1.8130923229175222,1.9058626087691921
414,1.783252703923567,1.6460102594870794
415,1.6504735300913655,1.085239128707662
416,1.624572365915576,1.0474497731844916
417,1.6110936750843758,1.0947583344580725
418,1.8066547321202886,1.5335331193004076
419,1.633528633608166,1.1786759553534194
420,1.8701009222193583,1.7907757261621136
421,1.934717726639718,1.863481857872608
422,1.8787906979453002,1.7359998684369031
423,1.6849202330589952,1.0976170540426688
424,1.697184118580538,1.0934998517348733
425,1.6223010952815773,1.0787631702163862
426,1.4903582480168094,0.9005207487431278
427,1.5748363758523964,1.1177605389054526
428,1.914960592920517,1.724517521103687
429,1.8614114343895194,1.7984776894625276
430,1.8203474495642686,1.8735130239101494
431,1.5919373032194066,1.1059604782454662
432,1.6509958250944827,1.0534138012957541
433,1.6017146758309668,0.9898421198811954
434,1.8525835837714124,1.5527398463383761
435,1.789891136502418,1.2997328632863612
436,1.830487187433793,1.726877330955186
437,1.6534762421114562,1.2683579632777588
438,1.6390961467332235,1.0689669103499657
439,1.832320946271207,1.79375984256636
440,1.654186210762194,1.2476721908441086
441,1.7897839279942367,1.4377713037944706
442,1.9591514864115538,1.5895410279453746
443,1.660333118691745,1.2175849943694028
444,1.7595372215956822,1.3976930614239576
445,1.8331965590446397,1.7646835585129153
446,1.7532082245454668,1.7500181345555954
447,1.8133324696131767,1.3273520963860546
448,1.7361236980033108,1.514596865639267
449,1.5467633178557927,0.9512060452155447
450,1.5522507079090329,1.019964509343066
451,1.6685203210442485,1.4405351298914906
452,1.6845970646951847,1.295394059735531
453,1.6013618109585026,1.2633610570553406
454,1.7937393970270314,1.4184337642192628
455,1.5553610020157655,1.1567236518239135
456,1.8357487550650944,1.7495595993170905
457,1.762155923076535,1.2517434053567411
458,1.7134414238085334,1.143694963843893
459,1.7479156155621696,1.4927497034883277
460,1.554081004890489,0.9933535698249925
461,1.7089211607352262,1.13230347879995
462,1.604620724182757,1.029928124877635
463,1.8141622523044438,1.4480917866983418
464,1.7332824036826475,1.2505811467805796
465,1.678409456420231,1.3182691347150455
466,1.7882715697468492,1.4337183688982387
467,1.5815515581645663,0.994479574940036
468,1.468163718790277,0.8956742023412855
469,1.5523503751106287,0.9300738197003353
470,1.862574632964525,1.4722471269639714
471,1.7812704696429054,1.4997278456264909
472,1.7881111504596605,1.3768337049594
473,1.807862446642836,1.7937053689997833
474,1.4945354149148795,0.9680532081188449
475,1.9137961263653156,1.78853947125648
476,1.853734756907494,1.6631839879661743
477,1.7629987045958615,1.5552826477997284
478,1.894336414888168,2.0762653310369528
479,1.640785455024877,1.3527725264166293
480,2.064253800805711,2.266734639021696
481,1.7237265808927429,1.2064820571602983
482,2.21229438561662,2.453695423319716
483,2.0078570811862915,2.389014181975785
484,1.8251357070680323,1.9475938542244617
485,1.6135418833544906,1.2003043350824119
486,1.5566414487767863,1.0557167146943152
487,2.024824069805753,2.931556785977759
488,1.7778734560312193,1.3789201075215431
489,1.723295338463358,1.3153537735699863
490,1.7896072921505919,1.7908753930767074
491,1.6961887953752137,1.3043474359547678
492,1.5662087977535422,1.0308539866920274
493,2.002872593173639,2.6142733141770105
494,1.6613688905721988,1.3227391222274096
495,1.777815241741268,1.2469754963241713
496,1.7274898137923005,1.2978402591837916
497,1.6807634846629462,1.056530979230338
498,1.5804561105007724,1.0934103799674866
499,1.8781847118999038,2.430615090790879
500,1.7740052846036918,1.1895139915883925
501,1.9758282308329052,3.2116113439666627
502,1.7132862554795092,1.347692459188133
503,1.4962908744268515,0.8864625324881931
504,1.6286928530795035,1.0722445469755832
505,1.841826350912472,2.2250467340043234
506,1.729845005140188,1.7037357463352931
507,1.773128207405293,1.3074791374272436
508,1.606880409977527,1.14554605442323
509,1.9325246303721362,1.7789465688569783
510,1.7277619510396864,1.349051990998306
511,1.6223819280192853,1.196363700091227
512,1.8559068998908093,1.5453441934183072
513,1.641135186695013,1.1677010231256117
514,1.799811186096475,1.2712630510547083
515,1.7010697929406133,1.3282625176515475
516,1.8584110548543507,1.7295849589090304
517,1.6568558871835102,1.2512952519646936
518,1.8180719622894506,1.621697682099587
519,1.786291361212503,1.8295742976026146
520,1.759017218691713,1.6292592711717102
521,1.8651628984870774,1.8974482802924477
522,1.604905324366407,1.0937901058393251
523,1.8385398958787575,1.6099391663683658
524,1.670638091232679,1.128301426113131
525,1.8064691590635127,1.5753099533436394
526,1.610137134414823,1.2495609087200104
527,1.4877601411902253,0.9791864540361559
528,1.8106240474948845,1.5953130570446163
529,1.7527699646426513,1.6566564071704242
530,1.8361670143646955,1.5944400255243065
531,1.6033131890438421,0.9508545362533308
532,1.6417726928954337,1.3066765723368392
533,1.696682658676132,1.382186067869989
534,1.496180237454502,0.8258385012571335
535,1.6668835305145242,1.3156892170432388
536,1.6466403459317225,1.0383123555337743
537,1.7385370250522254,1.502387486402258
538,1.6401033380466474,1.0508175132196125
539,2.014904126367863,3.2522797722110344
540,1.6107680082278748,0.9478024685421154
541,1.7457000201638946,1.3904499334296558
542,1.5511933440227024,0.9204041964990308
543,1.6800230640082454,1.1432118116682035
544,1.6600495647325717,1.2456562254588224
545,1.5905298077682584,1.2078511197213486
546,1.6825903273388072,1.2937317257690013
547,1.7954899993702689,1.6758205936634083
548,1.746520877696472,1.5492667227335972
549,1.632749385931947,1.017597546167449
550,1.7046728418970492,1.0517449575082818
551,1.5817580196817649,0.9798868577819964
552,1.7150728898958079,1.2633755922684582
553,2.013164423779505,1.6158554613754599
554,1.8177296051659069,1.3141492186768362
555,1.643645840861662,1.1559008164800348
556,1.6432979257437108,1.1996994299155368
557,2.175762949754867,2.5602259943808203
558,1.5943170661300732,1.0992003349085977
559,1.7556564530365952,1.9714503172091218
560,1.8162123570985065,1.2469902621475415
561,1.737617159277471,1.3233080272743099
562,1.5695012597308409,1.0095914410620865
563,1.6879172385138819,1.3316082473268245
564,2.1010236845376715,2.489088252175149
565,1.6513128513579913,1.0910214134336176
566,1.6489430278217267,1.176591748992065
567,1.6715389718261533,1.1018907060953034
568,1.871574889350489,1.9312805185402788
569,1.8693974122070898,1.8169127010383026
570,1.6957597678808602,1.2881013144279359
571,1.5868367993234729,1.0049683535384488
572,1.7556511948881006,1.2119262381722242
573,1.7218194802894264,1.3160022377909155
574,1.8642879424540504,1.595413228044155
575,1.6203990306294371,1.0653577807271368
576,1.7671577719960234,1.3882407565820225
577,1.819667406835725,1.6815072362921881
578,1.7408991407406749,1.447939231709193
579,1.74166191403061,1.4603827706416597
580,1.6677990766088784,1.1626484901307872
581,2.04097976598283,2.399214656302173
582,1.6526224557969182,1.0623683594753401
583,1.7201015237298543,1.59747715201653
584,1.8666261788590175,1.8811435006883872
585,1.6528352665890274,1.174309827127188
586,1.5405645363874532,1.028301677309366
587,1.7414494202793178,1.2356189097476595
588,1.6488173040780203,1.202544077902761
589,1.9106127637905654,1.6396752636033518
590,1.6199439642429085,1.1524794431165033
591,1.751444741406858,1.3851934367491188
592,1.6573456809093967,1.1824286898859346
593,1.7135203699944048,1.2778552498620483
594,1.7171233587952193,1.3826411554310925
595,1.7282714713143714,1.1508489589779605
596,1.6937785880495637,1.100453218184074
597,1.7067836953977915,1.4837384774973186
598,1.5525194464368592,0.9562364096935929
599,1.7404477962074518,1.678294975190107
600,1.7084805484011902,1.2345219855740366
601,1.853065717510359,1.3788450784829165
602,1.6116116818768937,1.2811243609678495
603,1.5051060451478078,0.92647492786054
604,1.689448893933228,1.1273053757464908
605,2.1794652290175507,2.6007207430387136
606,2.0145735005055068,1.7512159637554339
607,1.7649589591681283,1.318982079404833
608,1.6098871888634028,0.9637973408711518
609,1.9006315314982902,1.4311768139906014
610,1.5586966453680464,0.9109952322321759
611,1.5538103172563753,0.9753783146622954
612,1.6968634293114695,1.0858459741514992
613,1.6464802721892169,1.217954445558
614,1.63510701386675,1.408080336256912
615,1.6833403119332773,1.1273623674750761
616,2.041855225976891,2.668953471126862
617,1.823673699007066,1.4503541501589838
618,1.4639487061214818,0.725046328307884
619,1.737619295550996,1.3217342069858218
620,1.9609347917311875,1.7038783666731996
621,1.7041120570194053,1.2628071400932763
622,1.71547392586464,1.4453357891235328
623,1.5710427581953557,1.128382733654878
624,1.4672408796014733,0.9835993009541791
625,1.7719740613194865,1.1359637334239112
626,1.7118034462009508,1.2810235548448048
627,1.9500817573694476,2.380075585351244
628,1.8694816938535364,1.408539475912842
629,1.731012518702333,1.2576801976038767
630,1.9293658940038851,1.8581414131538057
631,1.5902225296916652,0.9364836351875699
632,1.6836216733905398,1.6494683160971806
633,1.87170459627378,1.6790336808552007
634,1.8157587015579777,1.5246267203017747
635,1.9061616555342666,1.7003685582749732
636,1.6351277714375654,1.3542109884389582
637,1.9257037120859803,2.2495655780761163
638,1.4943514830041087,0.8762438911700289
639,1.6853637333508118,1.469294018013964
640,1.735367003149747,1.4512373958219038
641,1.6721733155256564,1.2250743496014718
642,1.5814193623487767,0.9413479692977532
643,1.745603283569694,1.1889045307993438
644,1.6865367049458595,1.2391592559067504
645,1.6026699433760556,1.0765783975969245
646,1.9966295829294636,1.7548592225794666
647,1.6258109004292443,1.0326410258509076
648,1.573005319987213,0.9335672189085311
649,1.5051246986591929,0.8638031982785331
650,1.705741335066232,1.2171356224535557
651,1.8847067799646715,1.5284446068341695
652,1.6855362525860245,1.131741599692441
653,1.652262908204788,1.3714136964334322
654,1.557716065782809,0.9557557864210472
655,1.827002879415127,1.4264795772670562
656,1.7801530126622012,1.5354113327380745
657,1.577500753515335,1.1220810558411725
658,1.784619362896465,1.5796929531423467
659,1.6498252925851449,1.0585097550305629
660,1.8143500063545044,1.3229624417351764
661,1.5789247572958236,1.0643675723931585
662,1.7440539972480695,1.2223188638760067
663,1.5623223816542986,1.1328170786466094
664,1.523956826101661,0.8958699645343583
665,1.899092258136832,1.569920835858223
666,1.651119533524547,1.2671078585559106
667,2.142658642130453,2.5995558410533017
668,1.7027241873075458,1.3708958736322052
669,1.6523166460764562,1.2029658809011463
670,1.7156672257392653,1.5919447615323672
671,1.6801790980266853,1.0409299321413155
672,1.7694289948184774,1.4156496782188646
673,1.7150000413626298,1.7254511447226026
674,1.7567587945571899,1.2850358182907473
675,1.7052889005936867,1.2255479787729004
676,1.7646178714834995,1.1233020200143058
677,1.9733408289864158,2.146479795854443
678,1.6800986136979688,1.320812109836845
679,1.8560219452104734,1.8839758975446659
680,1.8184924481950926,1.6924882979663312
681,1.7945822127323627,1.5422827979700435
682,1.7753155267315222,1.3525736921711446
683,1.5253255561643244,0.9007015248342947
684,1.7822914081590961,1.2689038292831833
685,1.8144644808408774,1.5960757722523975
686,1.7325487152335044,1.6505585994602894
687,1.7919872028559027,1.6455398010091167
688,1.9185541946261555,2.2295989549242456
689,2.0426373388537207,2.7066059579774713
690,1.6470582427676261,1.1562878393240386
691,1.683927898815495,1.4072384538130474
692,1.7586026293059682,1.295936769873881
693,1.5530239619382804,1.0151468600371174
694,1.792794867585068,1.475726018827319
695,1.9576322988921948,2.608331889484504
696,1.5665070334407933,0.9403908898460583
697,1.8190141380670442,1.5599129008931667
698,1.6260343852939085,1.282446687223164
699,1.6678044645077736,1.3528436806962136
700,1.7258314433079829,1.3371999186890213
701,1.4680068798531636,0.8036974409017241
702,1.6439221500466563,1.227581550367115
703,1.66058494550214,1.225958170974853
704,1.8362587102452685,1.6931734134789653
705,1.678780047276041,1.1771386895800402
706,1.7072915520341887,1.3397549938274504
707,1.6076679581045192,1.037356144655616
708,1.86801012997882,1.5802836188922038
709,1.7958061757174344,1.2706206286373212
710,1.6510839007567553,1.400521389381767
711,1.7540825688220745,1.516094798887927
712,1.6052917554246766,1.1310663318811183
713,1.611123288493114,1.0561818476235358
714,1.5102418922480783,0.8469768980246023
715,1.5898368396620732,0.9641384817805568
716,1.8981574133461008,1.8566413224622365
717,1.5762507469751619,1.2295087159368947
718,1.6865364248414731,1.0461821261044482
719,1.5574078213533347,1.2221595856077392
720,1.8145614921108089,1.383786158754562
721,1.663217053841429,1.096145961563165
722,1.6728750075958916,1.2585440857288823
723,1.56522114560293,1.0912254720966397
724,1.8698077285251584,1.4685802009897257
725,1.6292120342032685,1.3864422456308598
726,2.008841649449443,1.6052591603640782
727,1.83680113777535,2.0978919438810357
728,1.6350391731382932,1.1885758093212335
729,1.5590738885161923,0.98063344272423
730,1.6136728424169107,1.053537806302081
731,1.7146665884811205,1.5636862190427
732,1.6725858195713301,1.2201038088172822
733,1.6429097514294957,1.1306897310162212
734,1.6655898949810408,1.1435458459944159
735,1.8155515457643248,1.4591683577174095
736,1.5382513306608248,1.1062221810942106
737,1.6193467411839182,0.9181186126383688
738,1.5217372590529115,0.9283502192969068
739,1.5616760195373363,0.9512371744348197
740,1.6536669478817028,1.2533785423257304
741,1.6011552236408961,1.1121451338306587
742,1.797746773122883,1.2209493099541828
743,1.831921375128862,1.6712364758109384
744,2.0143099101779236,2.5869205992549023
745,1.6516582497764534,1.1857884874600926
746,1.7070309369010501,1.2126683151641997
747,1.9238558825949288,1.73819754630229
748,1.5418439333692282,0.9775556536145488
749,1.668819308988312,1.262115489023503
750,1.4943713732919515,1.0166662265016886
751,1.6169060768669734,1.07825033163318
752,1.851127429740034,1.5644234830900858
753,1.6185670121814422,1.17800565969572
754,1.8887608359888284,1.7679778493981013
755,2.005748328992799,1.8377863537979338
756,1.8963153137529785,1.8169567236876047
757,1.6633703554033632,1.1744228519227367
758,1.4964765346584101,0.9100652683859529
759,1.9031166820225736,1.6159963431484472
760,1.6710529802451417,1.2678298444954863
761,1.7330735539228046,1.4041805307089121
762,1.679503350031291,1.1883917200403238
763,1.7416581206520847,1.2532572273796756
764,1.4993896951030548,0.9374482916393784
765,1.7685610268795973,1.412908863320793
766,1.7865600195019458,1.4358344016827809
767,1.5697623326111263,1.1794664553856664
768,1.9247324650661901,2.1570910872015245
769,1.8544701854835302,1.7517037374274753
770,1.5374909029103991,0.9457265876978552
771,1.6096150085362966,1.1355446600774042
772,1.7871386346389293,1.6544970658321245
773,1.656266113896713,1.1294944247489773
774,1.5014699402455982,0.9145591115093894
775,1.636215307489635,1.3769987484012354
776,1.5411662294970152,1.0249357403945791
777,2.0805905073798967,3.0907708340096485
778,1.8334058676198839,1.6031511855622367
779,1.923328803618264,2.1388774779946136
780,1.767277038876359,1.361906621087991
781,1.815228055315503,1.382484255591285
782,1.8333612601584874,1.280209823353636
783,1.999618789995744,2.0580977678445675
784,1.5445599504511085,1.0785202256799622
785,1.71872186305632,1.3246861581500724
786,1.7698112343924375,1.3378947761429607
787,1.6809409091532097,1.229580717155509
788,1.6920145682397856,1.3186601463133478
789,1.6009436862271655,1.2710519235162236
790,1.5974396335901178,1.3040064494266252
791,1.9344231977288613,1.8203992324875105
792,1.631451512938664,1.105402065775017
793,1.6740790900174374,1.2038305832750413
794,1.5187930061411492,0.8813808017041272
795,1.632005444329432,1.281985375568721
796,1.711716974855474,1.3907282532451932
797,1.7575251866388182,1.4526812873959292
798,1.5044417833945558,0.8919450097536812
799,1.8624278341889795,1.490313097890059
800,1.8144125807774414,1.814754922165167
801,1.5435023970420054,0.900911332720158
802,1.6150191304019943,1.2229120110294234
803,1.561003915861849,0.9675835629658093
804,1.4160576474823403,0.7588958607373941
805,1.6009065022710292,1.0353728902713097
806,1.6495971309231754,1.2099433832399467
807,1.6214966266172144,1.008224539382353
808,1.492064461402176,0.888504817591908
809,1.5017689340540614,1.0785463807904243
810,1.820215257956604,1.4886708414115164
811,1.6422014736110637,1.3744808867455511
812,1.788723843813825,1.4441285332394085
813,1.8628448810274267,1.3758037753518069
814,1.9558540004631177,1.8492480494491805
815,1.673950307254859,1.4229517583809737
816,1.8282039903454301,1.5288903902148905
817,1.7212087891183456,1.2371413306875736
818,1.7408359364064385,1.3514044826978857
819,1.9058394646317458,1.437480204465009
820,1.9860204731255358,2.0376609890873265
821,1.7567167840929385,1.3785543153109745
822,1.805790296210589,1.4875261840589666
823,1.5662659918066097,1.4106452417526336
824,1.7147878148103135,1.138158498641203
825,1.8934290365551838,1.6958773125870772
826,1.6637204046446008,1.2505852836971938
827,1.4676007795561845,0.8408854811160348
828,1.519617363878145,0.9454820401340268
829,1.6622707556845773,1.0918750785618476
830,1.7575607481923612,1.4805280538394283
831,1.5707208992283683,1.1736199289517895
832,1.734437496487788,1.3478870680151112
833,2.3459218623074376,3.5739586186660506
834,1.5292334700426347,0.9004173110156897
835,1.58571999626898,1.0645750953946125
836,1.595540259818932,1.018956119276307
837,1.613764018818883,1.1085179539001546
838,1.6825359153409976,1.3555248563770643
839,1.5511949810693075,1.1290627190557403
840,2.003960924493718,1.9190677917123256
841,1.9432799565552268,2.065499632146674
842,1.7019455294398844,1.5811374908541371
843,1.537621015758033,0.9083741428299855
844,1.5146495590688105,0.8698042603864391
845,1.7815807217905975,1.3856681845321805
846,1.5730404550314698,0.9468916084785064
847,1.883874554497169,2.2769197535353265
848,1.5348758367614308,1.0026613037532888
849,1.44675571597635,0.8859271840504922
850,1.568460228644097,1.072705835425191
851,1.8384213334826836,1.5543368989229056
852,1.6489688540197067,1.1625856414446067
853,1.702281330687892,1.113997487676504
854,1.7048346742804938,1.1190061161955898
855,1.5555076104553756,0.9827053574047747
856,1.5686604415077259,1.1511019923390844
857,1.7846454032031505,1.3084536436847867
858,2.2391519655870655,3.317962817645037
859,1.7615167010092796,1.2761991008853026
860,1.7216366696994554,1.4070822801076268
861,1.8751779578762078,1.6999684267899768
862,1.3696922740961024,0.785898859058338
863,2.1654494858120037,2.913631954996556
864,1.8663127385108167,2.450061500518202
865,1.9234396805918823,1.8641532774427232
866,1.7986554832199597,1.4066747117371905
867,1.6287096738141806,0.9988113625227115
868,1.6827978011625213,1.0706038973435297
869,2.133848810822265,2.494593241491618
870,1.6209457028002756,1.1291551512383138
871,1.4997427283396225,0.8606610933381205
872,1.6387325723176331,1.1739354956981094
873,1.8027869996997665,1.6762538554067496
874,1.7027599130018498,1.0839274314697693
875,1.7065180496910053,1.6670562212378417
876,1.5920782407654912,1.0281986749775955
877,1.6732576917620952,1.2264037695914187
878,1.7358465113343793,1.247339256458854
879,1.6419881984462614,1.4431309491601305
880,1.7295581619155815,1.6223334473308588
881,1.692218414409797,1.475088816889051
882,1.7224834492360843,1.4684711841856315
883,1.7595410305646773,1.4260709291478617
884,1.6688102432954053,1.2152737100430493
885,1.5760061403729377,1.0737126868022282
886,1.778299560643012,1.4443107260965165
887,1.8642399552078404,1.675042961103771
888,1.56463310768617,0.9128971531616925
889,1.9352910635966483,1.9246509666438216
890,1.668468178074578,1.230470259747485
891,1.7172130360270161,1.3144030592306695
892,1.5832338900995835,0.862259976696491
893,1.6050086999965547,1.0326070491012929
894,1.5525103417900947,1.1415262840032592
895,1.5912589483183328,0.9908294455024481
896,1.5393057780625716,1.0863574122144146
897,1.6559440184780037,1.1252437215278712
898,1.5703804617559887,1.0789544362264836
899,1.7285829172761602,1.4654710039048537
900,1.5364693700538947,0.8968496071288461
901,1.7601002534237207,1.4634772843179242
902,1.5750392103712627,1.2079163037688427
903,1.7221573247001447,1.2812970077483539
904,1.6331701528230473,1.1467810025715675
905,1.4748912312940308,0.7900742671273889
906,1.7955348855471838,1.2537614965193258
907,1.8300613132749992,1.4820741613620088
908,1.7065376384714612,1.5406101227169366
909,1.492404938659267,0.9277750566146965
910,1.6675793535143846,1.264610936691603
911,1.7416413603771979,1.451823819991443
912,1.4580585307447786,0.8187624730706536
913,1.5305978881163682,0.8151601975276543
914,1.598089979202408,1.2740611247504459
915,1.6972098011623231,1.1669389025568866
916,1.8294549030712726,1.6994442883570378
917,1.5894537778479922,0.9718279399318422
918,1.4607242418671735,0.9255968227925577
919,1.6226979109569308,1.128554025225683
920,1.6429858859798054,1.0255647017215448
921,1.612618048133424,0.8941745416425286
922,1.8955619723900445,1.6918933786130834
923,1.54699028688023,0.9852364459406049
924,1.9174206953392112,1.5872073850105988
925,1.9498253144322748,1.9743832532679657
926,1.6939308103614312,1.3765602565318518
927,1.8037938112713168,1.604636822490901
928,1.5336146248952394,0.932570455580952
929,1.753695785063647,1.229038198605011
930,1.7397603000081348,1.3892789615523666
931,1.7940724853583918,1.5712155355465733
932,1.6728697982711744,1.037603529544986
933,1.648278834764816,1.0447763389599205
934,1.6658276605884355,1.200227660115484
935,1.9834696528953186,1.8835945834787082
936,1.6464838932879726,1.2356710148474537
937,1.5519647990700272,0.8165947838998656
938,1.5828940935733031,1.086879605935521
939,1.7178011048643893,1.1486591160808686
940,1.6399312223334221,1.0473273201885507
941,1.7366404721538806,1.4131748964365538
942,1.652780363954714,1.1735273172138527
943,1.5803518281333813,1.3227456461278118
944,1.5310713697140668,0.8896837537673986
945,1.867702362012932,1.640999142889326
946,1.849163555546796,3.343978242416102
947,2.0164782072367937,3.126227146123511
948,1.7774153123511798,1.4760498797819634
949,1.6290425323615116,1.1231993764833486
950,1.775572464436274,1.7625086046885172
951,1.8369429961152366,1.5881566847039874
952,1.8482683062276128,1.301803876961973
953,1.6613222797974845,1.1183297519904405
954,1.8165157433052743,1.499096804242807
955,1.7168335656899696,1.5422193601902952
956,1.5913222868240884,0.9727623380523325
957,1.6068246112270475,1.1118028052711215
958,1.6435529421652968,1.3313317075325164
959,1.922266443042904,2.121301004062414
960,1.5644721537541335,1.0646806421392736
961,1.6078892642501084,1.1901729301198094
962,1.8834187973994585,1.4308659182456251
963,1.514080123092856,0.841490193090505
964,1.564244346359861,0.8943216727381146
965,1.8375393859130709,1.681880069060441
966,1.6650543753776377,1.2210796197340843
967,2.0500407189515557,3.020859558379902
968,1.6786811415181688,1.2638842232732184
969,1.523075157494113,0.9997470840572165
970,1.6799344926545026,1.0223982151034878
971,1.8295364332019024,1.7066206154568155
972,1.8089895254248136,1.2587761887955928
973,1.578818645551644,1.1391586238389009
974,1.6903841244596585,1.176175165962927
975,1.6160776290903638,1.4967801429209358
976,1.5695269348723162,1.1255717057283332
977,1.4901253457008994,0.8523819900774123
978,1.795775774940736,1.5709429968390782
979,1.9145697625825016,1.5576760729618722
980,1.6321908582240234,1.2790031757202946
981,1.894670235355501,1.6209173739373048
982,1.561854730184326,1.0953930243674648
983,1.9313618834280202,1.7953891463720097
984,1.7862117578742132,1.7304670735627639
985,1.6785438039088811,1.315593009757667
986,1.5530524304304882,0.9956621377837405
987,1.697166347797686,1.6669454867146727
988,1.6124621235456165,1.0932184310808826
989,1.8680052045363507,1.7278690092545346
990,1.8693324920818881,1.8638853569604334
991,1.4832890788748136,0.9120270723276735
992,1.7029268521856122,1.0665367505612866
993,1.8076038184720462,1.8577279724738627
994,2.0876341097262747,2.176778225011043
995,1.5258641342567605,0.9871080155976534
996,1.999158718364078,1.9513308186328402
997,1.62889943998807,1.090810346430953
998,1.7302153447308362,1.359769329577658
999,1.6434814395463988,1.05557687466744
1000,1.9014376980986116,1.9957206267028824
